,repo_name,update_time
0,louplus-dm,2018-12-15T12:29:48Z
1,library,2018-12-14T09:29:18Z
2,louplus-ml,2018-12-14T02:21:10Z
3,louplus-python,2018-12-12T07:06:56Z
4,shiyanlou-docs,2018-11-26T01:47:03Z
5,louplus-linux,2018-11-08T03:33:27Z
6,louplus-bigdata,2018-09-05T05:17:48Z
7,lou_challenge_ele,2018-08-14T08:22:03Z
8,php-crawler,2018-07-11T10:07:13Z
9,louplus-php7,2018-07-11T09:33:22Z
10,trojan,2017-06-20T11:10:55Z
11,jekyll-bootstrap,2017-06-07T00:33:44Z
12,shiyanlou_cs409,2017-06-07T00:33:37Z
13,cssfinaltest,2017-06-07T00:33:32Z
14,shiyanlou_cs573,2017-06-07T00:33:26Z
15,php-server,2017-06-07T00:33:20Z
16,node-red,2017-06-07T00:33:07Z
17,scrapy-weather,2017-06-07T00:32:58Z
18,c,2015-01-25T03:31:07Z
19,shiyanlou_cs31,2017-06-07T00:30:09Z
20,contact,2017-06-07T00:27:11Z
21,shiyanlou_cs382,2017-06-07T00:06:53Z
22,flask,2017-06-07T00:06:11Z
23,termbox-go,2017-06-07T00:05:53Z
24,shiyanlou_cs549,2017-06-07T00:02:26Z
25,SQL3,2015-01-23T06:18:21Z
26,laravel-blog-3,2015-01-23T03:24:08Z
27,laravel-blog-2,2015-01-22T03:47:56Z
28,laravel-blog-1,2015-01-20T10:11:35Z
29,java_websocket_chat,2014-12-29T10:35:42Z
30,proxy,2014-12-24T10:04:32Z
31,node-red-ifttt,2017-06-07T00:02:14Z
32,sms,2017-06-07T00:02:06Z
33,js-minesweeper,2017-06-07T00:01:57Z
34,mininet,2017-06-06T22:21:24Z
35,saepythondevguide,2017-06-06T22:21:16Z
36,tcp_ip_5,2017-06-06T22:21:10Z
37,flask-micblog,2014-11-20T05:03:52Z
38,jquery-learning,2014-12-23T03:49:15Z
39,socketio,2014-12-19T10:02:31Z
40,css3,2014-12-18T01:42:57Z
41,scapy_arp,2014-12-17T06:57:18Z
42,countdown,2014-12-16T13:41:23Z
43,2048_code,2014-11-19T02:10:23Z
44,PythonCalculator,2014-11-18T09:00:04Z
45,Linux-c-code,2014-11-17T05:09:19Z
46,camp,2014-11-14T05:54:48Z
47,golang-markdown-previewer,2014-11-13T02:10:31Z
48,Photo,2014-11-07T10:42:22Z
49,gevent-socketio,2014-12-16T02:41:02Z
50,lottery,2014-12-15T06:48:57Z
51,Flask-SSE-Chat,2014-12-12T01:42:24Z
52,jqueryslider,2014-12-10T07:24:11Z
53,ruby-port-scan,2014-12-09T10:11:11Z
54,pythonchat,2014-12-09T08:18:01Z
55,css3_leaning,2014-11-07T10:34:12Z
56,jQuery-base-code,2014-11-06T05:02:42Z
57,shell_typing_game,2014-11-06T04:53:48Z
58,course,2014-11-06T03:53:00Z
59,PythonShootGame,2014-11-05T09:42:25Z
60,whack-a-mole,2014-11-04T02:56:20Z
61,gtk-vlc-video-player,2014-12-07T14:11:35Z
62,Calculator,2014-12-05T03:30:29Z
63,flip,2014-12-03T16:17:53Z
64,jquery-pciture-zoom,2014-12-03T10:19:42Z
65,jquerypuzzle,2014-12-02T06:51:06Z
66,pyoudao,2014-11-03T00:59:11Z
67,Linux-c-snake,2014-10-31T06:59:30Z
68,LinuxC-network,2014-10-25T15:10:12Z
69,golang2048_game,2014-10-15T16:06:02Z
70,Golang_Programming,2014-10-13T09:32:13Z
71,jspuzzle,2014-12-02T06:41:21Z
72,python_markup,2014-12-01T02:10:59Z
73,hadoopwordcount,2014-11-26T09:37:10Z
74,falls,2014-11-24T11:16:12Z
75,golang-ftp-client,2014-11-24T09:01:27Z
76,JQuery-code,2014-10-13T03:15:44Z
77,docker-registry,2014-10-10T20:00:22Z
78,CPlusPlusLab,2014-09-16T02:06:03Z
79,CLangugaeLab,2014-09-16T02:04:25Z
80,ABSLab,2014-09-16T01:55:41Z
81,system,2014-09-04T01:12:23Z
82,mapreduce-pro,2014-11-24T07:00:17Z
83,datastructure_code,2014-11-21T10:09:02Z
84,dockworker,2014-07-22T20:05:26Z
85,boot2docker,2014-07-08T02:46:36Z
86,gitproject,2014-07-04T05:20:09Z
87,email_spider,2012-05-13T16:24:40Z
88,ryu,2017-06-06T22:19:57Z
89,hadoop-book,2017-06-06T09:36:15Z
90,sinatra-blog-api,2017-06-06T09:36:08Z
91,tcp_ip_6,2017-06-06T09:36:01Z
92,shiyanlou_cs103,2017-06-06T08:42:36Z
93,shiyanlou_cs419,2017-06-06T08:41:46Z
94,shiyanlou_cs427,2017-06-06T08:40:37Z
95,cs355_demo,2017-06-06T08:36:04Z
96,SQL6,2017-06-06T08:30:27Z
97,SQL5,2017-06-06T08:29:38Z
98,SQL4,2017-06-06T08:28:15Z
99,cs_354demo,2017-06-06T07:43:22Z
100,guide,2017-06-06T05:15:22Z
101,trylab,2017-06-06T02:52:02Z
102,Repobot,2017-03-14T07:11:36Z
103,seedlab,2015-04-07T11:06:36Z
104,finaltest,2015-02-13T09:50:45Z
105,HTML1,2015-02-10T05:08:47Z
106,MD5,2015-02-05T02:20:15Z
107,Whac-A-Mole,2015-02-03T03:28:14Z
108,play,2015-01-31T12:20:02Z
109,seven,2015-01-31T07:13:51Z
110,ngx_http_echo_module,2015-01-30T05:14:12Z
111,laravel-blog-7-final,2015-01-29T08:45:54Z
112,EarthDemo,2015-01-28T20:33:56Z
113,Calculator-1,2015-01-28T08:27:52Z
114,laravel-blog-6,2015-01-28T01:30:01Z
115,laravel-blog-5,2015-01-27T03:18:12Z
116,impress,2015-01-26T08:17:53Z
117,laravel-blog-4,2015-01-26T03:30:25Z
